velocity,entropy,is_malicious
4,4.502447746777209,4
8,6.950214105061696,8
4,7.119134118871375,4
7,7.061059192034466,7
14,6.599184475871791,14
1,5.351112808774555,1
3,4.420339527299357,3
8,6.893062592778737,8
10,7.435777587383707,10
3,4.410455892756884,3
14,7.531760992719878,14
1,6.015678230796185,1
4,6.154369228679483,4
14,6.975319985901211,14
4,7.374872848822605,4
4,6.7869173405466015,4
7,7.875257519375144,7
4,6.78110363438892,4
12,7.17243122614013,12
5,6.03894184807921,5
5,6.925696438984644,5
4,6.6559400849312675,4
8,6.826862118785253,8
11,7.458769820065982,11
7,7.6398341534005025,7
3,4.320630769284231,3
4,7.368666029707183,4
4,4.137226101437538,4
4,6.9082369670058625,4
1,6.174300314586285,1
2,6.441910808518056,2
4,7.500518906317771,4
1,4.3490991936564285,1
4,7.383789852865647,4
1,6.651357654890277,1
5,6.618837507629225,5
11,7.271760265307779,11
13,6.630809721537088,13
1,6.68900745556336,1
6,7.740469362983191,6
9,7.563130139550566,9
1,5.557245355408654,1
4,6.642612277596785,4
5,5.507698229390327,5
14,6.724360710704147,14
5,4.319779090923972,5
1,4.50404262323459,1
13,6.839461350015755,13
4,4.118280434105518,4
2,5.823715278380334,2
7,7.198977070161213,7
4,6.898877556192564,4
3,4.063808232551161,3
5,5.173244609955282,5
1,5.0382991796133565,1
5,6.605869503866833,5
4,4.05757683046917,4
1,6.702105592033775,1
12,7.179231964563295,12
7,7.266581581014617,7
13,7.502762555839251,13
4,4.256049004235932,4
2,4.019157615150501,2
6,6.513400159138949,6
6,6.612035596418486,6
3,4.779439626235103,3
14,7.478301096286034,14
3,4.679969206680964,3
14,6.747688407710436,14
11,7.687907662282337,11
8,7.089047833572664,8
7,7.372391904437352,7
4,5.042714572716946,4
6,6.9433572033717335,6
6,7.803840048346693,6
7,7.6437581684697,7
5,4.186875394390188,5
9,6.991642729011095,9
3,6.511039985091016,3
12,7.59312423803585,12
13,6.744621045411577,13
8,7.833422125621893,8
1,4.286605941504004,1
13,6.84338690685704,13
11,6.857474525718489,11
3,5.099384604614194,3
11,6.656740590517561,11
2,6.58612795296794,2
2,4.6361345197246795,2
4,4.736047329043963,4
3,4.822481999679417,3
5,7.053403149578965,5
12,7.1570007926694394,12
12,7.718016031461817,12
12,7.022514579568448,12
9,6.684065230520755,9
2,5.800061644357911,2
11,7.880728796603115,11
13,7.531869885226262,13
2,6.369095521427438,2
4,4.19995612168207,4
4,5.402204533749609,4
8,7.497712837393373,8
7,7.50656559046152,7
10,7.54632520143446,10
3,4.201229432165283,3
2,6.341576545731586,2
2,5.119755374888021,2
6,6.651800584623713,6
4,4.660549605849434,4
7,7.273315068006671,7
6,6.858002075287076,6
14,6.809146431527642,14
14,7.892858802549837,14
1,5.9319986297170475,1
5,7.251551494658993,5
2,6.998241177312,2
5,6.0888663276344195,5
4,6.828195322405377,4
2,6.181507209298924,2
9,7.541708495618811,9
2,4.7416932232095315,2
5,6.975813637846866,5
4,5.900434659478442,4
2,6.0778778566784935,2
4,6.444475341239537,4
8,6.85579039108239,8
1,5.338017318873867,1
3,5.149415584748493,3
5,4.665916485798848,5
7,7.502746788547854,7
11,7.358531475310793,11
5,7.619960647261481,5
1,4.529584096016524,1
5,4.268233006936779,5
2,6.384428646249788,2
5,5.695399550767627,5
4,7.402352189225872,4
11,7.011106089322434,11
1,4.786792132899476,1
5,6.802388247430476,5
11,7.626335929571159,11
7,7.421172189517676,7
4,6.673975924222326,4
4,7.464426845506369,4
5,5.8514349598120905,5
4,4.164284916466094,4
11,6.892682683582091,11
5,4.203511177315516,5
5,5.3312506579137136,5
13,7.240893285308967,13
14,6.788956092375608,14
12,7.607994946506777,12
1,6.248955495228774,1
3,4.703926245566361,3
2,4.109649003544285,2
10,7.8467158529045005,10
12,6.791450042591074,12
9,6.860227091163425,9
12,7.441212966602318,12
13,7.654956662885051,13
2,6.924379486440349,2
3,5.858471038028844,3
5,6.681922604128774,5
3,6.119427179460704,3
3,6.173016451386223,3
9,7.693906409148214,9
4,4.629716779286757,4
1,4.091161179090511,1
1,5.6561415425559405,1
5,7.928222746792619,5
1,6.551745187282726,1
4,7.421493189726014,4
5,6.742896419681497,5
14,7.662080523859645,14
13,6.781359321679917,13
7,7.010884468571431,7
5,4.559314786432764,5
6,7.763601684122907,6
13,7.140439121309163,13
2,5.5552240658356125,2
4,6.486746422452033,4
12,7.902578278427417,12
12,7.924897158374746,12
5,4.126279568909085,5
10,7.957590436088465,10
5,4.661458627210526,5
1,4.111022904146478,1
4,5.416200835329998,4
2,5.043427623706579,2
14,6.632148496297848,14
6,6.7998962985203075,6
4,4.240344539154026,4
3,4.712629974771633,3
2,4.730446889728897,2
3,4.749004026577558,3
4,6.170260341065755,4
3,6.854210026619971,3
5,4.076926197419307,5
1,5.025616498116058,1
4,4.809248834550969,4
7,6.874843127613619,7
11,7.665572647070993,11
2,5.5217044260651775,2
4,5.5565141713782165,4
3,6.781533458438358,3
1,5.770692000607261,1
7,7.2715181505281254,7
11,7.740967914087677,11
1,6.2830719728289965,1
4,7.268452364754704,4
2,4.2817021473682555,2
8,6.731585539685329,8
1,4.439121976486748,1
1,6.124516265935845,1
6,6.771494450677083,6
1,4.130237598564458,1
11,7.530716114413439,11
2,6.632382587891141,2
11,6.513117661967934,11
2,4.445988183259339,2
5,6.002780156690754,5
12,7.244564247154158,12
7,7.032874689533448,7
5,6.59851579731305,5
6,7.779361205365179,6
4,4.097578538473756,4
13,7.248338547064499,13
10,6.801139658896442,10
1,4.524515881781237,1
5,6.635546683904044,5
14,7.742220968686883,14
8,7.943507837549025,8
12,7.834625562248419,12
4,6.120331650656338,4
1,5.8776741293110275,1
12,7.086899449345146,12
10,6.576469708053782,10
6,7.456758937624137,6
14,7.134837613476614,14
4,5.067018149394848,4
5,7.514456947168415,5
2,5.341607621514507,2
4,6.871482047228205,4
14,7.817806085484607,14
5,7.513998778614237,5
4,4.555398786515859,4
14,7.596538003105066,14
4,6.511605554342437,4
1,4.307529183972038,1
11,7.720619991273572,11
5,5.051880793627542,5
4,7.948217693215929,4
9,7.888188542522164,9
6,7.311660361230473,6
11,6.9087309455749315,11
11,7.641261767460793,11
2,4.30426248534765,2
11,7.860905916490954,11
7,6.745309674133831,7
4,6.87287585351614,4
5,6.286855404329847,5
7,6.839805277915874,7
4,5.0408596056886825,4
2,5.902017109298834,2
13,7.946415703827426,13
12,7.510273487410636,12
6,7.240593695651098,6
2,6.9764740444699385,2
13,7.081241500041696,13
5,7.578714934559522,5
1,6.148452022669581,1
3,6.017806354675379,3
5,6.762525647852117,5
5,6.490659593700975,5
8,6.74763552992157,8
14,7.841008849512266,14
4,7.318989360829662,4
1,4.262928240291515,1
5,5.6199561391475665,5
2,4.63931411207525,2
2,6.4010695234670845,2
5,5.2484619945392845,5
14,7.765361548950983,14
11,6.7652948184941355,11
4,6.601882602879407,4
5,7.691533671373581,5
2,5.617483830025764,2
3,6.810873469093188,3
8,7.147738765659342,8
5,6.147916686542192,5
6,6.534920547675383,6
5,5.624902643982601,5
3,6.1422607963972835,3
2,6.056695861686914,2
3,5.942424142463809,3
4,6.3995657678419455,4
6,7.1955826368737466,6
10,6.937029931190956,10
9,7.742906377863352,9
9,6.625953159457282,9
4,7.528068619162718,4
4,5.5935085840030965,4
6,7.8937041402538854,6
3,4.729516572998362,3
13,7.973534042058348,13
2,6.962948691208173,2
5,7.801194943449847,5
9,7.424813667418359,9
5,4.52916095951867,5
13,6.739273725630704,13
3,4.375557376607651,3
2,5.47478364022431,2
14,7.30585549947372,14
4,6.339552966680049,4
4,6.711456422782329,4
7,6.6021879413456075,7
4,6.477450251694288,4
1,4.360627166111826,1
7,6.6949382422970585,7
5,7.724709353412368,5
3,5.586811402081636,3
5,4.202051804406315,5
2,4.534107900609254,2
11,6.667689186996647,11
12,6.546980772752023,12
1,5.882516389655111,1
14,6.751423888955088,14
11,6.677906699098453,11
9,6.702169337403736,9
1,4.701136245731299,1
8,6.90656164627088,8
12,7.818466191775057,12
9,7.972332555069608,9
14,7.139872415076955,14
11,7.584394594873615,11
12,6.599538752671704,12
6,6.5223638126374235,6
1,5.005591724937703,1
4,7.262101357871624,4
2,4.544315043086881,2
10,7.524268997596066,10
12,6.866063667412243,12
14,6.546100657334219,14
14,7.53031109480413,14
1,5.5467880857377505,1
3,5.181593216962476,3
3,6.089952471630677,3
4,6.613755871408722,4
1,4.773048665533641,1
13,6.884173144927073,13
3,6.0849456583796275,3
11,7.916063726916744,11
7,7.694308926508311,7
5,5.694523399787849,5
11,7.088466320258249,11
12,7.665332799593453,12
5,4.390258720391896,5
5,6.457566578280371,5
4,6.7445377032043,4
6,7.917742499164021,6
11,6.8745902779858215,11
4,5.422642649972391,4
1,6.116725517547065,1
9,6.580858941601439,9
5,7.1205220585257125,5
4,6.590000948715476,4
9,7.403609197422829,9
13,6.5627850013461995,13
3,5.702622544784674,3
10,7.480402337317581,10
4,5.284598844776845,4
2,5.6427771284612085,2
4,4.274746219979902,4
4,7.54408202881956,4
1,5.605930394357775,1
5,4.220490241990038,5
5,6.467441690903083,5
4,4.615418921446022,4
2,5.44456705453765,2
2,5.759825389526423,2
1,6.855435356269717,1
14,7.363983715160885,14
4,5.915577842992256,4
8,7.501695522308946,8
9,7.880411552036487,9
2,6.126234093228929,2
4,4.217340663383677,4
6,6.5324317265870135,6
5,4.411329117186997,5
5,7.4479045424202495,5
2,6.810489217974274,2
2,5.361368624150918,2
4,5.2262025132942895,4
4,4.708151390039392,4
13,7.419512824593423,13
11,6.948337740347835,11
10,7.952164943162892,10
4,6.8498835518506755,4
13,7.283896391439518,13
1,5.770884827544423,1
2,5.783429005558519,2
6,7.346184055052748,6
12,7.920596948015914,12
5,6.601318904613696,5
4,5.428151206597299,4
9,7.65730076619378,9
1,5.95060327719446,1
14,7.025288498097975,14
4,5.3359157650079965,4
5,5.643878466921079,5
5,5.547038283089494,5
2,6.1527932969745285,2
13,6.500017219437942,13
5,5.465929571213997,5
13,7.90714360744238,13
6,6.58374677109714,6
2,4.525908827072979,2
5,5.633467293882548,5
4,4.689863817673259,4
14,6.502181256687741,14
5,6.157605334816791,5
3,5.242389257586781,3
9,7.236358981176231,9
10,7.431745391399771,10
4,4.468457792098571,4
1,4.0348616197243015,1
7,6.77475712325384,7
7,7.8255986708757925,7
5,5.496664460354069,5
2,4.575601974156228,2
5,7.819970774319888,5
12,7.24463605937628,12
4,6.2120712321633995,4
7,7.736510734098448,7
12,6.783557559687543,12
1,4.614952886247463,1
3,5.845658314693033,3
10,7.721615182903443,10
13,7.828920396697345,13
4,6.580411411537898,4
12,6.924048932412142,12
9,7.844178163276478,9
5,6.085105686575659,5
8,6.939990369654854,8
1,6.04068333762506,1
4,4.475815315879221,4
3,6.9630040239899404,3
7,6.9483152786731255,7
8,7.2634756160142455,8
2,5.61092326868024,2
11,7.607566663425295,11
5,4.3209419164808756,5
9,7.91721990232405,9
7,6.5217462152093315,7
5,4.118030622005529,5
1,6.6662442396069315,1
9,7.54581220742049,9
7,7.556798030599628,7
11,7.885695319774012,11
12,7.715654777093028,12
1,5.976771825730454,1
4,6.405184249209375,4
13,6.920725657532725,13
6,7.468426168129225,6
14,7.116426559217741,14
13,7.354141427336715,13
6,7.383340777793884,6
8,6.576716982697199,8
10,7.921000694520062,10
2,6.2123013061644565,2
9,7.443778605405985,9
7,7.908206251061646,7
7,7.61628742432948,7
8,6.936036706592366,8
12,6.817321594829884,12
6,6.918059191027606,6
14,7.0995519879007984,14
6,6.867607740939947,6
8,7.872123730710473,8
4,6.399748256119568,4
3,6.746464892764125,3
5,6.700069370194034,5
1,4.9737574897008106,1
5,4.87498773612791,5
8,6.7311857216562005,8
4,4.5261138358703485,4
1,4.410656890206422,1
10,7.748601502796699,10
6,6.929267387304407,6
8,7.862734580525769,8
5,6.909463135235634,5
6,7.834871491188743,6
3,6.963167169208095,3
14,7.716826232488307,14
3,6.274715427112274,3
12,7.776707897300785,12
4,7.753650023936172,4
5,5.082921690820081,5
9,6.955537830887503,9
5,6.585356863040552,5
2,6.838346386400898,2
6,7.952054503644545,6
11,7.952143198408196,11
4,4.681808881789454,4
6,6.912564611173538,6
9,6.59206077472376,9
5,5.03764917085887,5
11,6.585976089078918,11
5,6.127181558352749,5
6,6.605131635785123,6
8,7.050151618275468,8
14,7.03089897761718,14
1,5.620035743813531,1
4,4.450145994081953,4
3,5.666090652812894,3
7,7.68985859117773,7
5,5.575490151001181,5
13,7.3931697821442,13
1,6.166800795566978,1
6,7.214898752387158,6
8,7.393383056827876,8
1,5.581124391734955,1
2,6.301564866793381,2
11,7.524691205242366,11
4,5.202289182625978,4
10,7.748122728326067,10
1,4.331422339394184,1
4,6.419683443584349,4
11,7.9092882428324405,11
1,5.7922393065109254,1
2,5.306749944438799,2
4,5.57920798280834,4
1,6.0764840250823955,1
2,6.065207189283209,2
6,7.474639963191682,6
5,6.806472197632066,5
4,6.514768589454505,4
2,5.965725941917065,2
2,4.3169940527852315,2
9,7.044323261879106,9
5,6.209332706874168,5
5,7.356633996677672,5
1,5.265162780620367,1
5,7.08083811561963,5
10,7.090572270110804,10
2,5.7738263072347875,2
8,7.0492471488765895,8
4,6.620269714244982,4
5,5.3878688702179485,5
5,6.906633565857074,5
3,6.43895721614828,3
7,6.727462743409423,7
1,5.0871816973499,1
13,6.738816945561968,13
11,6.528604893758049,11
11,7.407671693633321,11
3,5.023743482878469,3
4,7.716309800946332,4
14,7.667620058228491,14
4,6.959987779801439,4
8,7.806713928447709,8
9,7.556649896109754,9
12,7.546487986354713,12
14,6.6139180706836935,14
1,6.621670232687546,1
2,4.587333957050638,2
1,4.712632392622982,1
4,5.7772233539785525,4
10,6.9760715846961325,10
4,7.012855768570023,4
10,7.925978876513631,10
10,6.737484669121415,10
4,6.4523491254735745,4
9,6.811973790294043,9
4,5.917359813446501,4
9,7.204976885285626,9
2,5.276480003344226,2
10,7.690532808322661,10
3,4.26096027973423,3
2,6.640237262684375,2
5,5.823210384636577,5
4,6.8787299329631,4
10,7.815215438792791,10
3,6.931522552663952,3
2,5.19450608077283,2
3,6.920466907532191,3
2,4.290029348940159,2
13,7.051349245164135,13
5,4.0899207696180335,5
1,6.417010458850159,1
3,5.025452055093628,3
5,5.948939946977106,5
5,4.457248039991252,5
2,5.976123326502629,2
6,7.775302537605271,6
11,7.015181477889066,11
1,6.977450506475126,1
3,6.034048457677191,3
2,4.543448048604041,2
5,6.21534762775398,5
4,5.243872371181071,4
8,7.2216891583074725,8
6,6.76529830562353,6
7,7.555546187258274,7
1,4.312325745953721,1
2,6.392677301911565,2
5,4.03636232393168,5
14,6.918094177639821,14
12,7.046535539919001,12
7,6.897429958980059,7
10,6.604328079551854,10
5,6.743235837774879,5
2,5.975355503975276,2
3,6.191951530717738,3
4,7.180304008195939,4
2,6.326582850085032,2
10,6.824939806380107,10
7,7.6228986753226025,7
9,7.0739826130770584,9
2,5.468274890929422,2
5,6.909736138321811,5
6,6.9962129941158775,6
5,6.17577298124541,5
3,6.265811261490423,3
8,7.3318677357158055,8
5,4.605560356368845,5
14,7.066542171365854,14
13,7.486934139132375,13
3,5.4417597319799444,3
4,4.2569747487892915,4
1,4.39262098215505,1
3,5.167886842125929,3
14,6.828672288626114,14
5,6.683656680682274,5
8,6.631134976675125,8
12,7.165037618218671,12
4,7.216434063171098,4
3,4.4225710611394,3
9,7.024548924213722,9
4,5.462293594748541,4
8,7.256471126071101,8
10,6.803892749286064,10
3,6.834196066874231,3
7,7.4244287912095075,7
11,7.921727923759536,11
14,7.751963730723044,14
1,5.102603266874594,1
12,6.607028383381749,12
2,6.685353222119609,2
4,4.957301419729767,4
4,7.173654547765811,4
2,5.831001349932755,2
3,4.861114399524738,3
2,4.339714137522265,2
1,4.6456056160517125,1
5,6.984723467939306,5
13,7.796306963605245,13
3,6.127138785167298,3
9,6.597694569327557,9
4,7.438858259530098,4
3,5.139077224501801,3
12,6.968079821599374,12
14,7.656356346506012,14
5,4.365658280010843,5
9,7.631372277551747,9
7,7.950945736594434,7
5,4.723604372798625,5
12,7.689235736004653,12
4,7.820986176679982,4
11,7.154967361925824,11
12,6.611863748504019,12
5,6.467842955541036,5
4,6.983578962204461,4
4,7.59946461062855,4
10,7.5377313951535845,10
9,6.741292298658755,9
2,4.796800127766118,2
4,6.657933244708561,4
2,5.322288240814684,2
12,7.634442273308226,12
5,6.967128468769758,5
14,7.384549058400001,14
6,7.592117742163958,6
12,6.5743344969666815,12
1,5.2207238821686115,1
2,5.673350252110074,2
12,6.895755001229161,12
4,5.871577974029719,4
1,4.71454834314018,1
9,7.459510651029102,9
2,5.77881980452511,2
8,6.866388460014232,8
11,7.548973169739149,11
5,6.370091308921184,5
5,6.6010944883673455,5
9,7.673040772106807,9
10,6.698065977239546,10
11,7.359806562234506,11
14,7.433764249539162,14
6,6.655981962799552,6
1,5.172717987716544,1
5,6.843928798122951,5
4,4.662308838366281,4
12,7.471813989087657,12
11,6.834665490249515,11
5,4.450507002451125,5
10,6.86993628066848,10
7,7.432765884795114,7
5,7.901165918806626,5
13,7.399473140934029,13
1,5.318535065898731,1
14,7.595904675291209,14
13,6.553307851071311,13
6,7.235109225770561,6
3,6.196674659228684,3
4,6.838735684475578,4
1,6.9522504075978855,1
4,6.7963548474508375,4
5,6.830847760502797,5
6,7.5391762223491074,6
4,4.970830657448624,4
3,6.852590686751231,3
8,7.558348238699876,8
12,6.745307301908527,12
4,6.954523596887004,4
3,6.586382851796352,3
13,7.481309843869066,13
12,6.637085714916023,12
3,5.272392013907158,3
10,6.598365722148883,10
8,7.5167885144248,8
1,5.118065551036942,1
5,6.502003366058893,5
7,7.557347762825438,7
3,5.315846257568771,3
3,4.3937346330471625,3
5,4.509273715262622,5
5,5.188518074827766,5
4,5.991013496087945,4
4,4.228392578470901,4
14,7.475387206995705,14
4,4.764011866138153,4
2,5.57317080798274,2
4,5.954261165055593,4
11,6.799336187176312,11
4,7.895231992259287,4
8,6.557628264697745,8
4,5.356597084850305,4
13,7.503163536458866,13
5,6.451893309887481,5
3,4.673814468819946,3
6,7.297859938049293,6
3,6.482613686700622,3
5,6.049776290978787,5
10,7.709121382762318,10
11,7.028191243253243,11
13,6.775481128674955,13
4,4.456074559385945,4
4,7.976774866409328,4
9,7.006019811596126,9
14,7.6260599697775575,14
11,7.435939160006013,11
3,4.816435411689888,3
4,5.054868061718903,4
9,6.949834918137441,9
14,7.534444266161331,14
2,6.0295401573317395,2
2,4.329208596032511,2
4,6.621031342559016,4
4,6.951932943879484,4
5,4.0148199428032285,5
5,4.093549405183854,5
8,6.612834042600875,8
9,6.907426555908753,9
2,5.3377081191302445,2
14,7.15459483206768,14
5,6.9437047807965495,5
8,7.590072137935493,8
3,5.868899750690448,3
1,4.6932243897642145,1
7,6.573968962416324,7
9,7.293183916701135,9
1,6.408560345794035,1
2,4.4531736753427005,2
5,4.773663056299607,5
10,6.925366202769058,10
5,7.8923610903446,5
2,5.878660964894246,2
12,6.992035112580094,12
3,4.50112572370285,3
2,5.191550588855364,2
3,6.08408941256328,3
4,6.346084263011157,4
10,7.606217721763107,10
1,4.294247742352733,1
2,4.7794107431924795,2
3,5.607483053419244,3
5,4.087741849103677,5
4,6.312736611237465,4
5,5.490890448717491,5
3,4.426748106061589,3
13,7.434500003403198,13
10,6.805253128477506,10
2,6.393440946575904,2
4,7.201238546028961,4
2,6.993802331600012,2
4,4.8617169749622455,4
1,4.891365146869525,1
1,5.678946050460742,1
13,7.074485245067954,13
1,5.271214760946289,1
12,7.305495869848273,12
2,5.872446723547402,2
4,6.601162736458739,4
5,7.105929866289188,5
3,5.556753115848513,3
10,7.0236079549299255,10
5,6.802926561404781,5
13,7.6262917267731805,13
13,7.194278672350417,13
11,7.050174156461369,11
3,5.80155058130096,3
6,7.14170253309627,6
5,7.177395415635755,5
3,6.832799467340301,3
4,6.212503744329245,4
9,6.794508365659967,9
1,5.661406722137128,1
4,6.092414385007851,4
6,7.126536013346732,6
4,7.944500458453237,4
5,6.625156759583912,5
6,7.586977019471876,6
5,5.5593218456680535,5
3,5.976656410697972,3
5,6.890811737346704,5
4,7.767675091146932,4
9,7.355881631142134,9
8,7.563311842037375,8
4,7.460997040373785,4
3,4.383140450905705,3
10,7.823259567749211,10
5,5.4196297200746715,5
12,7.609967141709065,12
1,6.817203095538689,1
8,7.421068031633524,8
4,6.389611872928529,4
1,6.624105018052598,1
4,5.165674303811038,4
11,6.891659839849529,11
14,7.537686599737861,14
11,7.796952761050622,11
1,5.703835691657888,1
1,5.253300346502002,1
12,7.471998973942345,12
4,5.359866504244083,4
14,6.9631029434361995,14
7,7.116517426153792,7
12,7.7986556690486335,12
2,6.040684727293874,2
3,4.077435720848461,3
4,4.979383924731976,4
7,7.8114182842635485,7
11,6.754106983404066,11
3,5.037804977640889,3
6,6.592538917699412,6
4,5.911604430424841,4
4,7.940606276363936,4
7,7.922161817454661,7
9,7.829869694918763,9
5,7.690652070799097,5
2,5.528266384449369,2
6,7.578891971250608,6
6,6.962911424031324,6
5,4.8208799988449975,5
8,7.317701431763676,8
10,7.018770390743519,10
12,7.125491211580142,12
4,5.895440581050005,4
13,6.896037161557398,13
4,4.091957506617418,4
12,7.205812157572596,12
9,7.459985656017848,9
1,5.3642195669015775,1
3,5.804835460438993,3
1,4.501101838276226,1
2,5.060264137908154,2
5,7.267677471683281,5
5,6.812623110579938,5
1,6.18456626861081,1
4,7.129337714447788,4
1,4.64482113577227,1
7,6.837788337970675,7
1,4.465720737792138,1
4,6.8974664834596595,4
8,7.396344076198649,8
1,4.770329703161524,1
1,4.313703521003201,1
11,7.441833936669394,11
3,6.020297299974752,3
3,6.684449968181583,3
12,6.559719223752356,12
3,4.769688351104091,3
1,5.018350577628418,1
5,6.612260351011777,5
4,6.008460865594571,4
7,6.711418425205241,7
10,6.52508254403658,10
3,4.946220687244038,3
9,6.954029367292769,9
1,6.0636571669024395,1
7,6.818070702813866,7
10,6.791047305730379,10
2,5.652572111827418,2
1,4.8660812103121,1
11,7.05569401413042,11
13,7.250242248183516,13
8,7.623327818132458,8
5,5.3569548535549005,5
13,7.229439584982221,13
5,4.918760862359835,5
14,6.900793365494719,14
3,5.740258623513434,3
7,7.889821349586432,7
7,7.7698744410907,7
3,4.945871013491831,3
3,6.372169494516891,3
5,4.54293085812847,5
8,6.578955035543569,8
7,7.645507239666089,7
4,4.155913850954417,4
9,6.961558509716987,9
5,6.040422315280901,5
4,6.83217801905984,4
6,7.4533408477843555,6
4,4.076159066981035,4
4,7.292619646021915,4
3,4.298324178278035,3
5,7.6884430664976,5
4,6.991373500473133,4
3,5.450636940159774,3
6,7.495241537077043,6
7,7.770971133437219,7
2,6.533071248218848,2
6,6.981436798354086,6
5,6.6048175162251415,5
5,4.7792613512809785,5
1,5.925914501329798,1
14,7.070684436919733,14
5,6.970028456986453,5
2,4.931085876770721,2
1,4.598627352787435,1
12,7.569651873313431,12
1,5.536665762438023,1
3,6.989001748170226,3
2,6.088061854161377,2
7,7.243894239092594,7
3,5.70193665888671,3
4,5.95097705904081,4
7,7.798478670636602,7
3,6.085433662142782,3
12,6.9389086700647775,12
3,4.663628325458807,3
3,4.093402248653534,3
1,5.6971958919873735,1
9,6.614921015313976,9
3,6.603754883560066,3
5,6.517992021786532,5
3,5.728865080500439,3
3,4.173528029690189,3
9,7.92683605640536,9
5,5.119927948839258,5
2,5.0521354463551305,2
9,6.729146346644625,9
8,7.616312160553594,8
6,7.327407741720972,6
13,6.606228193215239,13
3,5.228234956573721,3
9,6.996703472319368,9
3,5.292662570985418,3
5,6.870692490212899,5
12,6.779040096508892,12
7,7.495600431429169,7
5,6.4866500976478285,5
1,6.982418083663503,1
1,5.990612116050132,1
13,6.768788672279772,13
4,6.959890368876541,4
5,4.830483391705155,5
1,4.392131130220599,1
2,6.51434586894433,2
7,7.607608837520822,7
14,6.576944240927007,14
4,7.141538904478339,4
10,6.6858143178487275,10
3,4.1733416829891,3
1,4.3885447638484125,1
5,7.033146199824634,5
1,5.855834134645553,1
4,6.304820241593554,4
5,5.439626860911726,5
5,6.84776063939401,5
3,5.103278052631869,3
2,6.926830602579745,2
12,6.607894716344497,12
10,7.4597871337756585,10
12,6.512378249177749,12
1,6.5336481956052115,1
4,6.758175919643252,4
2,6.563155280108737,2
7,6.777829160424533,7
12,7.493313060601939,12
4,4.482279688144924,4
5,6.043353561894948,5
7,6.557616345721988,7
5,4.5838675354622955,5
1,4.405498867464468,1
1,6.534349684350663,1
3,4.8889243613679705,3
1,5.297004403127806,1
9,6.865299326418816,9
2,4.970114686346562,2
4,4.244889946091769,4
2,6.049886129819516,2
1,5.953698931124476,1
4,5.955000476127655,4
1,4.287143666560485,1
4,6.682297611037403,4
8,7.908106366851438,8
7,7.675883005846308,7
10,6.747090571345854,10
9,6.58314059447421,9
12,7.858993848279647,12
4,4.692009435153276,4
4,4.124718577151176,4
11,7.39029974136374,11
3,6.076829693553558,3
5,7.353519550309479,5
8,7.611390901577711,8
4,6.990622755537842,4
9,7.2051267397888115,9
10,7.47195963738798,10
12,7.579430295250235,12
12,7.970017422825987,12
5,5.384432393874203,5
1,4.196069022396827,1
6,7.266651938278845,6
4,6.547586954695958,4
1,5.140586856357571,1
8,7.814414919622373,8
3,4.806032078154838,3
2,6.30791468092402,2
4,5.612186808813769,4
4,6.825764762339035,4
8,6.858192678371698,8
4,5.437545632889193,4
13,6.525977497782611,13
5,7.910166225163709,5
4,4.73920609971732,4
7,7.140494981806909,7
1,4.657641962074133,1
11,6.6411909304235515,11
4,4.631986567017,4
10,6.555605213790383,10
1,6.6598126457214,1
4,4.923789824773573,4
9,7.62081910655897,9
5,4.854618705885769,5
4,5.623889005903211,4
2,5.994735173461654,2
1,6.86695449468926,1
3,5.840234167632123,3
5,7.264713610134876,5
6,6.599120945797402,6
10,7.528001232334862,10
3,5.486473948618595,3
5,6.927997420518006,5
5,6.580367191567614,5
7,7.543209094864205,7
3,5.801783000081851,3
4,5.741765050834131,4
4,5.562873931816126,4
8,7.929750307590442,8
5,4.8244181066444085,5
3,4.335758858193183,3
4,4.108481141574286,4
4,5.522403201282509,4
9,7.216304264906026,9
1,5.423892627249442,1
10,7.741716045022656,10
12,6.522784439703137,12
5,6.423537825823775,5
3,4.671452844467869,3
6,7.917023068176382,6
13,6.9455481951947835,13
5,5.74651138052882,5
14,7.247097485490702,14
6,7.369627089241915,6
8,6.990715754619447,8
4,7.187073009214053,4
5,6.290817382479283,5
5,4.314790535254525,5
11,7.36273056407031,11
11,7.598534717054649,11
14,6.882893230390053,14
9,6.78983296451872,9
1,6.214100849279111,1
2,5.3493539464639674,2
3,5.457615277558977,3
1,5.105579031171283,1
3,5.870757064008279,3
10,7.907374319863772,10
3,5.625702842135075,3
8,7.68915446007939,8
4,7.398133494199406,4
2,5.225359639212096,2
1,4.461687719019565,1
14,6.958514175477254,14
5,6.526099883129264,5
2,4.36632974203008,2
3,6.342284758205319,3
3,5.283319401207587,3
4,7.150031689849582,4
9,6.918068541086,9
5,5.7560630931902566,5
3,4.181056251971691,3
5,6.615350699776605,5
11,7.058430719865526,11
4,6.199339067245843,4
11,7.2268216794870845,11
12,7.643923793176651,12
4,5.476833569344104,4
2,4.572063161991,2
14,7.424680116928316,14
4,5.490300576577508,4
3,4.094758434476926,3
1,6.194768565265996,1
12,7.374143994312064,12
1,4.774400298103383,1
6,7.045304401476537,6
9,7.285787764049899,9
14,6.620100784233634,14
2,5.487627205236312,2
5,7.694464937722721,5
6,6.908952280529464,6
3,5.3656604472454035,3
9,7.678437346801226,9
2,4.247143136847528,2
1,6.33875342070026,1
5,4.120327574237447,5
12,7.789692770602465,12
6,6.549841077734206,6
10,7.2531580222747625,10
14,6.7407956208366775,14
14,7.65993261159135,14
5,6.588391232629686,5
6,7.700100299891719,6
5,7.248817703447699,5
12,7.4937891400274665,12
7,7.870767221279038,7
10,7.081928897521325,10
3,4.154277440452751,3
4,4.242757849153756,4
4,6.077308453973108,4
10,6.864973379767477,10
4,7.30053940568036,4
8,6.900995193508221,8
9,6.528310870327185,9
1,4.973001259346127,1
4,6.311222253423379,4
2,4.546353747066098,2
10,7.636000090206519,10
5,5.740517107681997,5
11,6.6634391578484315,11
1,5.460006824274108,1
2,4.274460512193265,2
3,5.841800754280185,3
4,4.110014280800629,4
3,5.518425588520732,3
4,6.907307890422434,4
5,6.767498143531887,5
1,6.553620742146306,1
14,6.537286252659659,14
5,4.935448399255779,5
11,6.520343419936791,11
10,7.555308154938792,10
8,6.577485429877459,8
2,4.909825442702787,2
3,5.618473877126012,3
13,6.831954355261867,13
2,6.516694259337802,2
4,5.729549426542761,4
2,4.6733217155099815,2
2,6.457306953022599,2
5,4.067407924960352,5
13,6.999271409218258,13
5,6.838441633813341,5
9,7.70490601467492,9
9,7.679088467843231,9
4,7.598006563898899,4
12,7.497549480207013,12
4,6.516898615512029,4
6,7.694590195300027,6
1,4.118856476045071,1
2,5.553134930154134,2
11,7.501872358835319,11
4,6.612249703817534,4
3,4.418068222218473,3
8,6.601696243031462,8
7,6.52682358074768,7
4,5.970209993623877,4
3,5.978061766617348,3
14,6.911222108612774,14
5,6.0005927726383135,5
7,7.296731276018456,7
11,7.479714038294926,11
13,6.788563295852428,13
5,7.913570506791719,5
3,6.4892254111216054,3
1,6.593074749518911,1
12,7.852406896932424,12
9,6.8192962051811525,9
5,5.5444520617890705,5
11,6.5211866109472485,11
4,7.146189000857774,4
8,7.363896109842419,8
5,6.086401620069586,5
5,5.4945871493594165,5
2,4.541726035382,2
4,6.640478546496071,4
3,6.8338426584220695,3
1,5.356653822669422,1
6,7.777235310411131,6
2,4.039283369765001,2
14,7.948892050458717,14
1,5.444032454905971,1
3,5.363132003679882,3
8,6.689242865809178,8
8,7.479292746831788,8
14,6.909978536002448,14
1,5.379401271307961,1
5,7.8630718912229325,5
6,7.076061098103847,6
2,6.3863498823691875,2
4,6.650669450765315,4
1,6.3590350432466565,1
13,7.5920468874710645,13
3,5.000497515073432,3
3,4.24839600377538,3
2,4.197125918285057,2
13,6.915886658384896,13
2,4.171260568267945,2
1,4.60157418010101,1
2,6.913174735496103,2
4,6.398247636906937,4
5,4.385182868362376,5
8,7.454352253953025,8
14,7.781821537745303,14
5,6.900182063849098,5
5,4.97402778067018,5
2,6.614610418457129,2
13,7.423139765598734,13
11,7.4882856755726666,11
10,7.782820124668881,10
8,7.486365310339718,8
6,7.8049021055283925,6
5,6.682572623992355,5
7,6.782571345906033,7
3,4.535633986163001,3
3,5.930733085589575,3
8,7.738937049189365,8
9,7.4688830165616125,9
2,4.806980213305293,2
4,6.61029662170279,4
4,6.73734080105722,4
4,4.373988043609801,4
1,4.0551720296424,1
3,6.7767055387203285,3
5,5.461185756456808,5
3,4.254376048137409,3
12,7.570702770418002,12
2,5.139357340537689,2
12,7.732588957646642,12
1,6.320419377059801,1
1,4.654761663595193,1
4,6.857420929429393,4
5,6.11404228820994,5
4,4.125018701807153,4
9,7.9007556394626,9
3,5.538065533049526,3
5,5.05037577750019,5
5,4.230859604887628,5
2,5.192783193888383,2
1,4.2635994974345,1
10,7.288106018295653,10
3,5.205792740827727,3
1,5.8535417206036415,1
11,7.260504607026016,11
7,7.734534003561,7
2,4.42748662870454,2
3,5.019624891304199,3
3,5.64009223814221,3
6,7.633851580537468,6
5,5.786155051960131,5
2,6.866004059511785,2
5,5.557179372724811,5
2,4.883397278625753,2
13,6.925443264047931,13
5,6.396349707320996,5
4,6.294429402708986,4
10,6.901222455570817,10
10,7.541475673850996,10
3,6.453502648525065,3
9,6.718008505532876,9
13,7.8977839023875696,13
2,6.004255409711939,2
4,7.108563446631988,4
5,4.804190922468629,5
13,6.5123135144962445,13
10,7.4183012018769166,10
1,5.850780755127227,1
12,7.54274055348062,12
13,6.670784070424798,13
2,4.054697748029085,2
14,7.324859010968052,14
5,5.190769828604788,5
7,6.867596865347305,7
11,7.146753910785119,11
4,7.423000191869594,4
5,4.717540312647777,5
2,5.152979941479045,2
9,7.93343525091584,9
6,7.896678357373927,6
10,7.142916912129783,10
6,7.269851440619912,6
9,6.6508007343377,9
11,7.659133651681967,11
1,6.605403927693739,1
11,7.073720232074358,11
13,7.2927717670344165,13
5,5.197947747427925,5
8,7.583953552606402,8
1,4.698878424260902,1
5,4.778270300293878,5
1,6.09226080174052,1
13,7.238365583513194,13
5,5.011009529293859,5
2,4.812234019430662,2
10,7.906679572451438,10
4,6.655911317032373,4
5,6.519583908600161,5
5,5.127664855437308,5
3,4.650219400272327,3
5,4.684239315846797,5
4,4.0329874859754415,4
9,6.611895460112791,9
8,6.566468722513512,8
5,5.849950943562214,5
11,7.8068308607480645,11
6,6.585443595653174,6
6,7.974313356778193,6
1,4.20827152823828,1
12,6.993770025838561,12
3,6.927621264730162,3
8,7.657099317750505,8
4,4.2028376907766445,4
13,7.0473236188610215,13
5,6.268489986685738,5
6,6.7076802869264025,6
3,6.94355853408227,3
4,6.801625052583715,4
6,7.740104394780669,6
4,7.547427598395941,4
10,7.700463179501537,10
9,7.592069777555217,9
9,7.076319309688736,9
9,6.514687255269196,9
5,6.6373549226864945,5
4,7.496995217862864,4
5,4.1744913865164275,5
7,7.9759120918573325,7
4,7.016254390274829,4
4,6.809817076884885,4
1,4.2357354914650625,1
5,6.635889959065474,5
13,6.528334404635318,13
1,4.647025457193152,1
2,5.699213920890692,2
5,6.616114608149344,5
2,6.727097561996922,2
2,5.963533642843405,2
11,7.399473970981566,11
7,6.636259139402064,7
5,5.208940536295485,5
2,5.711829239916489,2
8,6.564971915111648,8
2,4.312328948152499,2
4,6.355049631511171,4
12,6.759328222716625,12
12,7.084793743265025,12
4,7.825112211946691,4
4,4.039005770532208,4
2,6.496402533873226,2
4,6.633922961335209,4
1,5.077700108199297,1
2,5.463562131779087,2
6,7.631243011925913,6
1,5.25631157467622,1
1,6.157137715552737,1
5,5.212956304312876,5
3,6.504790710397897,3
5,7.689645526886301,5
5,6.0026496978744115,5
9,6.932727003410046,9
4,7.041207507426829,4
1,4.690026511863109,1
11,7.211717416972453,11
4,5.080409222414557,4
11,7.312310824314487,11
9,7.709349650183066,9
11,7.240166873073408,11
7,7.12563838260302,7
4,7.607312189832292,4
3,5.064988917495812,3
5,4.192626811225402,5
3,4.914037417294122,3
3,5.862746553302431,3
6,7.754134137245633,6
5,4.180427027802356,5
6,7.112191158879581,6
7,7.644249973399634,7
3,5.735160751019228,3
2,6.125088930145104,2
5,7.522508285295218,5
8,6.901685883061138,8
4,6.615530583235696,4
8,7.0334317041693994,8
4,4.822165662061618,4
2,6.339536185453431,2
4,7.360800993624006,4
2,5.896792863758591,2
1,4.82264560704601,1
4,6.8453599208864695,4
8,7.234462954265895,8
9,6.60531426205668,9
5,6.081046677344466,5
11,6.811843346523461,11
4,6.417977649325474,4
5,6.914185282124919,5
1,6.609689086186385,1
5,7.873709505208648,5
12,7.975829883776367,12
5,5.736026225717181,5
6,7.430071155789589,6
5,6.889345334767522,5
14,7.301806227115994,14
4,4.478634040339565,4
12,7.378470184360603,12
5,4.695841288347927,5
6,7.549794826139463,6
4,5.6625340075473805,4
3,5.899454126782067,3
2,6.147474894046265,2
1,5.196468342690702,1
8,7.024321564281479,8
3,6.70528597640627,3
14,7.271744555766983,14
3,4.013896069013809,3
6,7.16255666960742,6
1,4.066370654586992,1
3,4.394703055381779,3
4,5.312809372166176,4
4,7.47607593758834,4
6,7.591390606940603,6
1,5.701048782960004,1
6,7.615073324940314,6
9,7.952092723051897,9
1,5.2785439067079185,1
5,5.264071006831211,5
5,5.491524292025282,5
7,7.546947560048733,7
4,6.9644636761721355,4
4,6.858126152869227,4
5,4.386609602420336,5
5,4.498850106268238,5
2,5.355303036211687,2
5,5.259181950778367,5
1,4.975570192674085,1
1,4.398147262129181,1
6,7.651477359854087,6
11,7.363122390330105,11
1,6.606714953436155,1
4,4.746142817762889,4
5,6.927595767457394,5
3,5.390482131401717,3
3,5.8201451391485675,3
13,7.857879047835346,13
1,6.532511346907592,1
3,5.212420964953099,3
5,5.197008111610391,5
5,6.929946668393702,5
8,7.765444698397504,8
4,6.274789587787067,4
9,7.663584365346367,9
1,5.346080867867592,1
9,7.04515387641564,9
9,6.533190315959842,9
5,6.888976011576984,5
1,6.452330685215323,1
2,5.113116288953808,2
3,4.053621804200241,3
8,7.976489880155192,8
9,7.483044689783673,9
3,4.7893377097325285,3
2,4.216595226937527,2
5,7.761770183444037,5
4,6.34715645217482,4
11,7.936601287206422,11
2,4.219587771305331,2
8,7.329803876509646,8
5,4.351924566887184,5
5,7.190138439087452,5
5,4.92186989477886,5
13,7.308716867795214,13
2,5.818758813252932,2
4,7.684005153010249,4
1,6.404611335648969,1
2,6.768271571540183,2
13,7.6125855487458445,13
1,6.781002903772886,1
4,5.749124682909077,4
4,6.759566849238281,4
5,4.999005739174594,5
11,7.188214085939113,11
5,7.78063772318519,5
4,5.6506796264687855,4
3,4.4905716177550685,3
7,6.708388364361161,7
4,6.554274873235287,4
6,6.8713217076228315,6
3,6.904580283744165,3
9,6.59234322152545,9
1,6.228119563599943,1
1,5.188726056707976,1
11,6.673461780406745,11
5,6.1217159029401955,5
7,7.898209662998958,7
3,4.539049326610726,3
1,6.850712061462407,1
5,5.9092907486309105,5
7,7.726134563184694,7
6,7.737454200746729,6
7,6.983426089150348,7
2,5.5770705469080575,2
7,7.908116119335512,7
14,6.623660419515821,14
4,6.791785643931749,4
1,6.803308080416543,1
4,7.079951872318278,4
13,7.806188617623074,13
11,6.813221129883395,11
3,5.958238323555625,3
11,7.519174811375656,11
6,7.030696123056813,6
4,7.57069662028527,4
9,7.441191683703533,9
1,5.1418698804297405,1
2,4.948468314930252,2
4,5.678920993924653,4
4,6.586043446817868,4
2,4.397574018225545,2
2,6.522614738277768,2
1,6.963356560644662,1
11,7.841044283156096,11
6,7.535466563040741,6
4,5.37834030521796,4
4,4.033093793285942,4
2,6.417776200352863,2
3,5.847589564546913,3
8,7.098348825937206,8
4,4.69501510415033,4
3,6.084853266707385,3
14,7.07872864630855,14
4,6.329790558375225,4
8,6.994393949189779,8
14,6.507863943989152,14
8,7.935980522394565,8
14,7.584445542683524,14
3,4.115279046886975,3
2,4.619263815281809,2
7,7.048992692073493,7
1,4.144636116581668,1
12,7.342918873759314,12
5,5.2756405134077005,5
3,6.230524768874823,3
1,5.4890987416037085,1
1,4.059131613263093,1
8,6.557689394578473,8
13,7.094793055838281,13
14,6.711406107925211,14
5,6.478202890757585,5
3,5.228002018945129,3
2,6.392278064820784,2
1,4.140897900325165,1
8,6.897903201285646,8
10,7.853532022495868,10
1,4.623658765438082,1
6,6.88515016501814,6
10,6.9340967439552355,10
3,4.716331437304907,3
12,7.47288315361179,12
2,5.745914205743196,2
7,6.543171250194991,7
4,6.833564276650014,4
11,6.664277186211146,11
1,6.700055925544316,1
10,7.337947423013105,10
5,7.273413367018383,5
11,7.9401556811990535,11
5,4.1840488813320045,5
14,7.134478991059922,14
7,6.963754918026012,7
4,7.690567067365667,4
4,6.8953560893081365,4
1,6.612907371238257,1
4,6.984598951509302,4
7,6.608160711799982,7
12,7.397962952581806,12
3,4.23825810696696,3
6,6.609676025410804,6
3,4.685364223993896,3
1,6.888780625712739,1
5,6.049744084868937,5
13,7.688160183540261,13
7,7.106313158996469,7
13,6.927549709585565,13
11,6.796417386444086,11
6,7.771048821328869,6
8,6.857414798180164,8
4,5.0053565627774255,4
4,6.953206542110657,4
5,6.951036775790241,5
5,6.599903769092056,5
3,4.2045169281564805,3
5,6.453901072357187,5
5,5.43981650415137,5
5,5.464723411065334,5
3,5.290917684698388,3
5,6.521284540186686,5
2,5.991413582865415,2
4,5.952632107141582,4
4,5.9763501001321515,4
1,5.195989083316939,1
2,6.973767981106565,2
14,7.386967131886368,14
4,4.073202344669614,4
5,6.585609785181798,5
5,4.081287977510451,5
6,6.765459729378072,6
2,6.004638395665049,2
8,7.24053198039903,8
8,7.308934170207797,8
12,7.045686612879897,12
5,6.676254066820704,5
13,7.088798205743192,13
4,7.593310263075319,4
4,7.673282008087764,4
5,7.64200782824834,5
2,6.694162868322142,2
8,7.028539315764744,8
3,6.197716291630751,3
10,7.3338251190547075,10
7,7.495850069525158,7
12,7.553349752504152,12
10,6.502948360124224,10
1,6.973505878410929,1
13,6.937046186806312,13
6,7.945970292569637,6
8,6.834522916767679,8
11,7.377874164178413,11
11,7.186860835991186,11
11,7.696188110813649,11
10,6.846620988970975,10
1,5.973535913809108,1
8,7.932737401835124,8
2,4.2565255925634045,2
10,6.5927806400003615,10
13,6.732764348105979,13
7,7.802631972123798,7
8,7.268167774591732,8
1,5.5988733596540055,1
4,4.909385067835986,4
14,7.324180095894702,14
9,7.347458704665393,9
5,6.692519391346842,5
13,6.809594488803733,13
4,5.985517569548136,4
1,6.401760097327249,1
12,6.751198074293846,12
4,4.099609326374099,4
3,6.604813841539776,3
3,6.2008431416842065,3
4,5.485439581041923,4
2,6.811685461709353,2
4,6.7949200979708655,4
9,7.183339892843416,9
2,4.819778580994628,2
4,6.4090776934979905,4
1,6.808636738731069,1
5,5.354161072989026,5
9,7.693864278479689,9
1,5.06386647292233,1
3,5.1909445512228505,3
12,6.8290947310272925,12
1,4.617523630110305,1
2,4.51503785754491,2
3,4.520573544959526,3
5,6.858058886866984,5
9,7.159401625337999,9
3,4.544306305269392,3
13,7.622988855560841,13
7,7.336326262430079,7
9,7.653071827865765,9
14,7.527045393955032,14
8,6.902480138339304,8
4,6.5444384878875015,4
4,6.2808694693664044,4
13,6.981430115175387,13
5,5.183428835710106,5
8,7.3810488335726845,8
14,7.449766908001866,14
5,4.816921979558106,5
7,7.448110471652353,7
4,6.571315298342078,4
4,5.240647304576054,4
7,7.717351495688612,7
11,7.103163685927997,11
11,7.930931339702942,11
6,7.1153471532145165,6
1,6.6044267631325155,1
10,7.201403405771832,10
2,4.490871463575008,2
3,4.364154818267287,3
10,7.412124719170071,10
4,5.623799736028331,4
2,5.177480669220055,2
4,6.7370900368500735,4
5,5.441520841773487,5
7,6.841016659933678,7
3,6.294649784626385,3
6,6.597228391252461,6
14,6.71750481019055,14
4,4.353253248670423,4
2,4.445029602886267,2
6,7.022378585109488,6
11,7.875126489622885,11
7,6.868532929441453,7
11,6.635259399771029,11
12,7.469657097496021,12
5,6.068580253094684,5
3,4.502857648864953,3
6,7.941807776848209,6
8,7.046969815151624,8
10,7.3774034671520035,10
11,6.941117268786376,11
10,6.765446895228076,10
13,7.671506139835228,13
1,6.068394907411797,1
9,6.9802774642595065,9
5,5.352518114212396,5
3,4.625531543072007,3
8,6.6753838829252645,8
3,5.858763864693489,3
6,6.61392961125615,6
3,6.6940916468499605,3
5,6.823699107236933,5
13,7.1025176039059295,13
2,5.9229162320359965,2
12,6.513376934237352,12
8,7.109697980650471,8
8,7.659964566876479,8
1,5.995110023638766,1
10,7.097329483495155,10
9,7.750409594677739,9
2,4.070915758139009,2
13,7.843601000547631,13
5,7.7585150416574455,5
6,6.9229223203972055,6
2,6.447499374971853,2
5,6.428548224174634,5
8,6.863121424965993,8
9,7.7551022926101965,9
3,5.2642736517774935,3
14,7.4168987760537295,14
5,7.6549409444501855,5
8,6.500199345646639,8
8,7.0284034290756185,8
4,5.922478944070619,4
1,4.726135047587582,1
1,6.99009056155893,1
1,4.243138647722944,1
2,6.866571087864804,2
1,4.60045073273443,1
3,4.70082325314973,3
7,6.73604854856121,7
1,5.278250151671115,1
4,4.418953764268939,4
12,7.142351039608963,12
5,4.741309702030439,5
2,6.796084316530052,2
7,7.557203420887797,7
4,7.863535118075204,4
14,6.650031888378676,14
8,7.364984386440991,8
3,5.233085409420115,3
1,4.180802170868683,1
4,4.710611676923446,4
4,5.252742327354785,4
14,6.794838606843198,14
11,7.526554725061217,11
4,6.783256849585639,4
4,7.788379910078689,4
10,7.8436902147938365,10
2,4.801084810508264,2
7,7.560267725697987,7
2,5.686890447633729,2
9,7.177833723325286,9
6,7.142049780973264,6
2,5.810345780144134,2
9,6.822147751379194,9
2,5.8978656794018445,2
8,6.897472007831391,8
10,6.594729392980759,10
13,7.166376284291478,13
12,6.884659369279393,12
2,4.457617128742784,2
2,5.002731672450882,2
5,4.545784391485814,5
4,4.9562575087962095,4
5,5.600807640180635,5
4,6.041497906224139,4
13,7.408134089071439,13
1,6.209206045196922,1
5,4.0737607493764045,5
2,4.0226886249344265,2
4,4.817872002200601,4
2,6.652619390045223,2
5,7.673851453515175,5
9,7.668153415513135,9
14,6.905625952226443,14
8,6.958486031629467,8
5,7.167915287283297,5
4,5.506585030993728,4
1,6.775744952246997,1
2,5.30837958740595,2
14,7.901694187320609,14
14,7.3058338525443896,14
7,7.739303278059824,7
7,7.917528905462542,7
8,7.563734634423225,8
4,7.628207884261421,4
11,7.468116450801253,11
8,7.747213615197621,8
6,6.650801789291947,6
6,6.665038074235489,6
5,4.521685747658462,5
5,7.13284997388094,5
4,6.212746904766675,4
1,4.225413345207427,1
10,7.6380057175193095,10
10,7.412839739621761,10
3,6.360710158765885,3
6,7.655334941789825,6
13,7.140567683270015,13
6,7.966205152457334,6
1,6.6041700703223505,1
3,4.029312542257551,3
1,6.070014672461998,1
4,4.101837935757397,4
2,6.474042897775448,2
5,4.319794759401315,5
12,6.999065731837313,12
5,7.250448277173303,5
8,7.4986837272077675,8
3,4.648114547528799,3
13,7.096252458296303,13
5,6.883210952408366,5
2,6.773188586129591,2
3,5.8329429665529755,3
4,7.120783031056824,4
3,4.556576547109364,3
14,7.817408883346102,14
11,7.367079886911209,11
12,7.06884545701572,12
8,6.978080471716059,8
3,6.312765533932156,3
2,6.751940726386728,2
5,7.201897431045891,5
5,5.619871390841679,5
4,7.2308447798762545,4
3,6.064404118259627,3
5,7.21794009676972,5
8,6.6987267793353675,8
3,6.7928460865209335,3
2,5.256776348513643,2
5,4.902890700840449,5
4,7.0295648444880525,4
1,4.26737329634805,1
14,7.402810977277639,14
5,4.981099484689716,5
10,6.8911288694747865,10
4,4.60280106597717,4
14,6.517912612828639,14
4,7.173051226977939,4
8,6.651723626818383,8
1,5.871687508874915,1
5,5.4280543881062995,5
5,7.755669561053977,5
5,5.010687375313321,5
1,4.017275981494365,1
12,7.486250412095746,12
10,7.22297353633666,10
2,6.210621234832546,2
1,4.892047022117652,1
2,5.790528546750668,2
1,5.785233792100764,1
5,4.079596611621459,5
14,7.9312122073790965,14
1,5.395616836851154,1
4,7.139388012839869,4
2,5.910009046501622,2
1,4.933923097468011,1
7,6.884121839100613,7
9,6.505653485534703,9
8,7.380794878860409,8
10,7.737022373307564,10
7,7.3180064720634475,7
14,7.706110798239998,14
12,6.813751200954014,12
7,7.633009190763474,7
4,4.361700657331836,4
6,7.817518203901539,6
7,7.063166210607444,7
11,7.4865687089889965,11
3,6.107394911632312,3
4,7.828101481370579,4
5,6.762543543447061,5
14,7.967165294315047,14
3,6.567089404318857,3
6,7.334829562673606,6
4,6.803101044307045,4
11,7.554679572985799,11
3,5.0390379830978835,3
9,7.726262284901001,9
1,4.4093192576702,1
13,7.098700530649327,13
4,7.708833610428342,4
12,7.280962650008108,12
14,7.9783610658092705,14
1,6.2830837075060835,1
2,5.809456328399165,2
12,6.602131237066968,12
6,7.505838092447959,6
7,7.386585988982565,7
6,6.506457639082457,6
10,7.815909327431215,10
4,4.879443190783039,4
5,5.35731854839808,5
7,7.240923916744219,7
1,5.46653974077076,1
11,7.576044007190777,11
11,7.647512302596641,11
4,7.104064502482713,4
1,5.4951033182184394,1
2,4.531449368342158,2
11,6.569340824620853,11
5,5.894680660277562,5
2,4.916572931974071,2
13,7.539759942271514,13
4,5.648588607685051,4
5,5.304482015811239,5
3,6.678015133230924,3
9,7.052221475265128,9
5,6.258149918672924,5
8,7.543605935444434,8
1,6.249881411197533,1
2,5.788809635446159,2
6,7.859271119575205,6
1,5.778852554304782,1
6,6.778122163606678,6
12,7.26220837637039,12
6,7.128779247444768,6
8,7.461273215967022,8
6,7.43641358054793,6
1,5.854467202954357,1
1,5.821282108266342,1
4,5.777050985780087,4
4,4.3031374330319405,4
2,5.297493634990396,2
